i,y
1,1
3,0
4,0
5,1
7,0
8,0
10,0
11,0
12,0
13,1
15,0
16,0
17,1
18,0
19,0
20,0
22,0
24,0
26,0
27,0
31,0
38,0
41,0
43,1
44,0
46,0
47,0
48,0
49,0
50,0
52,0
53,0
55,0
56,0
58,0
59,0
60,0
62,0
63,0
66,0
68,0
69,0
72,0
73,0
74,0
76,0
78,0
80,0
83,0
87,0
90,0
96,0
98,0
101,1
103,0
105,0
107,0
109,0
111,0
112,1
114,0
115,1
118,1
120,0
121,0
125,1
126,0
130,0
132,0
133,0
134,0
135,0
136,0
142,0
146,0
147,0
149,0
150,1
153,0
156,1
157,0
159,0
161,0
163,1
164,0
167,1
170,1
172,0
176,0
177,0
179,0
182,1
185,0
191,0
192,0
194,1
196,0
197,0
198,1
202,1
206,0
209,0
210,1
211,1
216,0
217,0
219,0
223,0
224,0
227,0
229,0
231,0
232,0
233,0
235,0
236,0
239,0
240,0
241,0
242,0
243,0
244,1
246,0
247,0
250,0
253,0
254,0
258,0
260,0
261,1
263,0
264,0
265,0
266,0
267,1
270,0
272,0
273,0
275,0
276,0
277,0
281,1
284,0
286,0
287,0
288,1
290,0
291,0
293,0
296,0
298,0
299,0
303,0
304,0
307,0
308,0
309,0
310,0
312,0
313,0
314,0
318,0
319,0
320,0
321,0
325,0
326,0
328,0
330,0
332,0
333,0
337,0
338,0
340,0
341,0
342,1
344,0
346,1
347,0
348,0
352,0
354,0
355,0
357,0
365,0
367,0
371,0
373,0
374,0
375,0
377,0
378,0
383,1
384,0
388,1
389,0
390,0
391,0
392,0
394,0
395,0
396,0
398,0
399,0
400,0
401,0
402,0
403,0
404,0
405,0
407,0
408,0
412,0
413,0
415,0
416,0
417,0
421,0
422,0
427,0
428,0
429,1
432,0
434,0
435,0
436,0
443,0
444,0
445,0
450,0
454,0
455,0
457,0
459,0
460,0
461,0
462,0
464,0
468,0
469,0
470,0
471,0
472,0
475,0
476,1
477,0
479,0
482,0
483,0
484,0
485,0
486,0
487,1
488,0
490,0
492,0
494,0
496,0
497,0
498,0
499,0
500,0
501,1
504,0
505,0
506,0
511,0
512,0
517,0
519,0
522,0
525,0
526,0
528,0
529,1
531,0
534,0
539,0
540,0
542,0
545,0
546,0
547,0
549,0
551,0
554,0
556,0
557,0
558,0
560,0
561,0
562,0
563,0
564,0
565,0
567,0
572,0
573,0
574,0
575,1
576,0
578,0
579,0
580,0
585,0
586,0
587,0
588,0
591,0
594,0
595,0
599,0
600,0
601,0
604,0
605,0
606,0
607,0
609,0
613,0
616,0
618,0
619,0
620,0
621,0
622,0
623,0
624,0
627,0
630,0
634,0
635,0
636,1
637,0
640,0
643,1
644,0
645,0
647,0
649,1
650,0
653,0
654,0
655,0
657,0
658,0
660,0
661,0
663,0
664,0
665,0
666,0
667,0
669,0
670,0
672,0
673,0
674,0
675,0
676,0
677,0
682,0
683,0
684,1
686,0
687,0
688,0
689,1
690,0
691,0
692,0
694,0
695,1
697,0
700,0
702,0
703,1
704,0
705,0
708,1
711,0
712,1
713,0
718,0
720,0
722,0
723,0
724,0
727,0
728,0
729,0
730,1
732,0
733,0
735,1
736,0
737,0
738,0
739,0
743,0
747,1
748,0
749,0
751,0
755,0
756,0
758,0
759,0
760,0
762,0
763,0
764,0
765,1
766,1
767,0
768,0
769,1
773,1
776,1
778,0
782,0
783,0
784,0
785,0
788,0
791,0
792,1
799,0
801,0
803,1
805,0
807,0
808,0
812,0
813,0
815,0
816,0
817,0
818,1
821,0
824,0
825,0
826,0
830,0
833,0
834,0
835,0
836,0
837,1
838,0
840,0
843,0
846,0
849,0
850,0
852,0
853,1
854,0
855,0
860,0
861,0
863,1
864,0
866,1
867,0
869,0
871,0
872,0
874,0
875,0
876,0
877,0
880,0
883,0
884,0
887,0
889,0
890,0
896,0
897,0
905,0
906,1
908,0
909,1
911,0
914,0
920,1
921,0
922,0
923,0
924,1
925,0
929,0
930,0
931,0
932,1
938,1
940,0
942,0
943,0
944,0
945,0
946,0
947,0
949,0
953,1
955,0
959,0
961,0
963,1
966,1
967,0
968,0
969,0
973,1
977,0
980,0
981,0
982,0
989,0
991,1
992,0
994,0
995,0
996,0
1000,0
1009,0
1013,0
1017,0
1020,0
1021,1
1030,1
1034,0
1037,0
1038,0
1039,0
1041,0
1043,0
1044,0
1047,0
1050,0
1052,0
1056,0
1057,0
1058,0
1062,0
1064,1
1065,1
1066,1
1067,0
1070,1
1071,0
1072,0
1073,0
1075,0
1076,0
1077,0
1078,0
1079,0
1080,0
1081,0
1090,0
1094,0
1095,0
1100,0
1103,0
1104,0
1105,0
1107,0
1108,0
1110,0
1112,0
1114,1
1115,0
1116,0
1119,1
1120,0
1122,1
1123,0
1124,0
1125,0
1130,0
1131,0
1132,0
1135,0
1137,0
1140,1
1141,0
1142,0
1143,0
1144,0
1147,1
1150,0
1151,0
1154,0
1156,1
1158,0
1160,0
1161,0
1162,0
1163,0
1165,0
1167,0
1169,0
1171,0
1173,1
1174,1
1175,0
1176,1
1177,0
1179,0
1187,0
1188,0
1190,0
1191,0
1194,0
1195,0
1198,0
1199,1
1200,0
1205,0
1206,0
1207,1
1208,0
1209,0
1219,0
1220,0
1221,0
1222,0
1226,0
1229,0
1230,0
1233,0
1234,0
1237,1
1239,0
1240,0
1241,0
1243,0
1244,0
1247,0
1252,1
1254,0
1255,0
1258,0
1259,0
1262,0
1263,0
1264,0
1266,1
1267,0
1268,0
1270,0
1271,0
1273,0
1274,0
1279,0
1280,0
1281,0
1283,0
1284,0
1285,0
1286,0
1288,0
1290,0
1292,1
1293,0
1294,0
1298,0
1299,0
1301,0
1302,0
1303,0
1304,0
1305,0
1308,0
1312,1
1313,0
1314,0
1315,1
1316,0
1318,0
1319,0
1322,0
1326,0
1328,1
1330,0
1331,0
1337,0
1340,0
1341,0
1342,1
1343,0
1346,0
1347,0
1349,0
1353,0
1354,0
1355,0
1357,0
1358,0
1360,0
1362,0
1363,0
1369,0
1372,0
1374,0
1375,0
1376,0
1377,0
1379,0
1380,0
1381,0
1382,0
1385,0
1388,0
1389,0
1391,0
1392,1
1393,0
1398,0
1401,0
1402,0
1403,0
1405,0
1408,0
1410,0
1412,0
1420,1
1422,1
1424,0
1425,1
1432,0
1433,0
1434,0
1437,0
1439,0
1441,0
1445,0
1449,1
1451,0
1455,0
1460,0
1462,0
1463,0
1464,0
1469,0
1471,0
1473,0
1475,0
1477,0
1478,1
1479,0
1482,0
1488,0
1491,0
1494,0
1495,0
1496,0
1497,0
1498,0
1500,0
1501,0
1504,0
1506,0
1507,0
1508,0
1509,0
1511,0
1517,0
1518,0
1521,0
1523,0
1527,0
1529,1
1533,0
1535,0
1536,0
1537,0
1539,0
1544,0
1546,0
1549,0
1550,0
1551,0
1554,0
1556,0
1561,0
1562,0
1564,0
1565,0
1566,0
1567,0
1569,1
1570,0
1572,0
1577,0
1578,0
1583,0
1584,0
1586,0
1589,0
1596,0
1598,0
1599,0
1600,0
1603,0
1606,0
1610,0
1612,0
1613,0
1614,0
1616,0
1618,0
1619,1
1620,1
1621,0
1622,0
1623,0
1625,0
1627,0
1628,0
1629,0
1631,0
1633,0
1634,1
1637,0
1642,0
1643,0
1646,0
1652,0
1653,0
1655,0
1657,0
1661,0
1663,0
1664,0
1665,0
1668,0
1671,1
1672,0
1673,0
1674,1
1675,0
1677,0
1679,0
1682,0
1684,0
1685,0
1686,1
1687,0
1689,0
1690,0
1691,0
1694,0
1696,0
1697,0
1699,0
1700,0
1703,0
1704,0
1705,0
1712,0
1714,0
1715,1
1716,0
1717,0
1719,0
1720,0
1724,0
1726,0
1729,0
1732,0
1736,0
1738,0
1739,0
1740,0
1742,0
1746,0
1748,0
1750,0
1751,0
1752,0
1753,0
1754,0
1755,0
1758,0
1759,0
1760,0
1761,0
1763,0
1770,0
1771,0
1772,0
1773,0
1774,0
1775,0
1776,0
1777,0
1779,0
1780,0
1782,0
1783,0
1784,0
1793,0
1795,0
1796,0
1798,0
1804,0
1808,0
1810,0
1811,1
1812,0
1813,0
1814,0
1818,0
1820,0
1823,0
1824,0
1826,0
1827,0
1828,0
1829,0
1830,1
1835,0
1837,0
1838,0
1839,0
1842,0
1843,0
1844,0
1846,0
1848,0
1849,0
1850,0
1853,0
1855,0
1856,0
1857,1
1859,0
1860,0
1861,0
1862,0
1864,0
1866,1
1874,0
1875,0
1876,1
1877,0
1878,0
1880,0
1881,0
1883,0
1884,0
1885,0
1886,0
1889,0
1892,0
1894,0
1896,0
1899,1
1900,0
1902,0
1907,0
1909,0
1910,0
1911,0
1912,0
1914,0
1916,0
1917,0
1921,0
1924,0
1925,0
1926,0
1927,0
1929,0
1930,0
1933,0
1936,0
1938,0
1943,0
1945,0
1946,0
1949,0
1951,0
1952,0
1953,0
1957,0
1959,0
1960,0
1961,0
1964,0
1967,0
1969,0
1970,0
1971,0
1972,0
1973,0
1975,0
1976,1
1979,0
1980,0
1981,0
1982,0
1983,1
1984,0
1988,0
1989,0
1991,0
1994,0
1995,0
2000,0
2006,0
2007,0
2008,0
2009,0
2010,0
2015,0
2017,0
2020,0
2021,0
2022,1
2023,0
2025,0
2028,0
2029,0
2030,0
2031,0
2033,0
2034,0
2035,0
2036,0
2037,1
2039,0
2040,1
2043,0
2044,0
2045,0
2047,0
2049,1
2052,0
2055,0
2056,0
2057,0
2058,0
2059,0
2060,0
2061,0
2064,0
2065,0
2067,0
2068,0
2070,0
2077,0
2079,0
2082,1
2084,1
2086,0
2089,0
2093,0
2096,0
2097,0
2099,0
2100,0
2105,0
2109,0
2116,0
2117,0
2118,0
2120,0
2121,0
2128,0
2130,0
2131,0
2132,0
2133,0
2135,0
2136,0
2140,0
2144,0
2145,0
2149,0
2150,0
2151,0
2155,0
2156,0
2157,0
2158,0
2160,0
2161,0
2162,1
2163,0
2164,0
2166,0
2167,0
2168,1
2169,0
2171,0
2174,0
2175,0
2176,0
2177,0
2179,0
2181,0
2182,0
2183,0
2184,0
2185,0
2188,0
2189,0
2190,0
2194,0
2195,0
2197,0
2199,0
2201,0
2203,0
2204,0
2212,0
2213,0
2214,0
2215,0
2216,0
2217,0
2219,0
2220,0
2221,0
2223,0
2224,0
2225,0
2229,0
2230,0
2232,0
2234,0
2235,0
2236,0
2237,0
2238,0
2241,1
2243,0
2252,0
2254,0
2255,1
2259,0
2260,0
2261,0
2262,0
2264,0
2265,0
2266,1
2267,0
2268,0
2269,0
2272,0
2273,0
2276,0
2277,0
2278,0
2280,0
2281,0
2282,1
2284,0
2286,0
2287,0
2288,1
2291,1
2292,0
2293,0
2295,0
2296,0
2297,0
2298,0
2300,0
2301,0
2304,0
2307,0
2308,0
2312,0
2313,0
2315,0
2317,0
2318,0
2324,0
2326,0
2327,1
2328,1
2330,0
2331,0
2332,0
2333,0
2334,0
2335,0
2336,0
2337,0
2338,0
2339,0
2340,0
2342,0
2347,0
2348,0
2349,0
2350,0
2351,0
2352,0
2353,0
2356,0
2357,0
2359,0
2361,0
2362,0
2367,0
2368,0
2369,0
2372,0
2375,0
2378,0
2379,0
2382,0
2383,0
2387,0
2389,0
2390,0
2392,0
2393,0
2395,0
2399,0
2400,0
2401,1
2402,0
2405,0
2408,1
2414,0
2415,0
2418,0
2419,0
2421,0
2422,0
2425,0
2432,0
2433,0
2434,0
2435,0
2436,0
2437,0
2439,0
2446,0
2447,0
2450,0
2452,0
2457,0
2458,0
2459,0
2462,0
2463,0
2464,0
2467,0
2468,0
2469,0
2471,0
2472,0
2473,1
2475,0
2476,1
2480,0
2481,0
2482,0
2485,0
2487,0
2488,0
2491,0
2492,0
2496,0
2499,1
2500,0
2501,0
2502,0
2506,0
2507,0
2511,0
2513,0
2514,0
2519,0
2520,0
2522,0
2523,0
2524,0
2525,0
2532,0
2536,0
2538,0
2541,0
2543,0
2545,0
2547,0
2548,0
2554,0
2556,0
2558,0
2559,0
2561,0
2562,0
2565,0
2568,0
2572,0
2573,1
2575,0
2576,0
2577,1
2578,0
2579,1
2580,0
2582,0
2588,0
2590,0
2591,0
2592,0
2593,0
2596,0
2598,0
2600,0
2603,0
2604,0
2605,0
2608,0
2609,0
2610,0
2611,0
2612,0
2613,1
2614,0
2615,0
2616,0
2617,0
2620,0
2621,0
2627,0
2629,0
2633,0
2636,0
2639,0
2640,0
2641,0
2644,0
2645,0
2646,0
2648,0
2649,0
2650,0
2652,0
2653,0
2656,0
2657,0
2659,0
2661,0
2663,0
2665,0
2669,1
2673,0
2675,0
2676,0
2677,0
2678,0
2680,0
2683,0
2684,0
2685,0
2686,0
2689,0
2691,0
2694,0
2700,0
2702,0
2704,0
2707,1
2711,0
2716,0
2722,0
2723,0
2724,0
2727,0
2728,0
2729,0
2731,0
2732,0
2735,0
2737,1
2739,0
2741,0
2746,0
2747,0
2748,0
2751,0
2752,0
2756,0
2757,0
2761,0
2763,0
2764,0
2765,0
2766,0
2773,0
2774,0
2777,0
2778,0
2781,0
2785,0
2788,0
2789,1
2790,0
2792,0
2793,0
2796,0
2800,0
2811,0
2813,0
2814,0
2815,0
2818,0
2820,0
2822,0
2824,0
2825,0
2826,0
2831,0
2833,0
2835,0
2838,1
2839,1
2840,0
2842,0
2844,0
2846,0
2851,0
2854,0
2855,0
2856,1
2859,0
2860,0
2865,0
2866,0
2867,1
2869,0
2872,0
2873,0
2874,0
2875,0
2877,0
2878,0
2879,0
2880,0
2883,0
2884,0
2885,0
2886,0
2887,0
2890,0
2892,0
2893,0
2894,0
2895,0
2897,0
2899,0
2900,0
2901,0
2902,0
2903,0
2904,0
2906,0
2909,0
2912,0
2914,0
2917,0
2918,0
2921,0
2927,0
2928,0
2931,0
2932,0
2933,0
2936,0
2941,0
2945,0
2946,0
2947,0
2948,0
2949,0
2950,0
2951,0
2952,0
2953,0
2955,0
2957,0
2958,0
2960,0
2962,0
2965,0
2966,0
2967,0
2969,0
2970,0
2972,0
2973,0
2974,0
2975,0
2976,0
2977,0
2979,1
2980,0
2984,0
2987,0
2988,0
2989,0
2990,0
2991,0
2992,0
2994,0
2996,0
2998,1
2999,0
3001,0
3002,0
3004,0
3008,0
3009,0
3010,0
3011,0
3015,0
3017,0
3019,0
3021,0
3026,0
3029,0
3030,0
3032,0
3033,0
3034,0
3035,0
3036,0
3041,0
3043,0
3044,0
3045,0
3047,0
3048,0
3050,0
3051,0
3052,0
3055,0
3057,0
3059,0
3060,0
3061,0
3062,0
3064,0
3065,1
3067,0
3070,0
3072,0
3073,0
3075,0
3078,0
3081,0
3082,0
3083,1
3086,0
3089,0
3090,0
3093,0
3095,0
3097,0
3098,0
3100,0
3102,0
3103,0
3104,0
3105,0
3106,0
3108,0
3109,0
3112,0
3113,0
3114,0
3115,0
3117,0
3120,0
3122,0
3123,0
3125,1
3126,0
3127,0
3128,0
3131,0
3133,0
3138,0
3143,0
3144,0
3150,0
3152,0
3154,1
3158,0
3159,0
3163,0
3164,0
3165,0
3166,0
3168,0
3170,0
3171,0
3172,0
3175,0
3176,0
3177,0
3178,0
3179,0
3180,0
3181,0
3182,0
3183,0
3187,0
3188,0
3189,0
3190,0
3192,0
3195,0
3198,0
3199,0
3202,0
3203,0
3206,0
3207,0
3210,0
3213,0
3214,0
3216,0
3217,0
3219,0
3227,0
3228,0
3230,0
3232,0
3233,1
3234,0
3235,0
3237,0
3241,0
3242,0
3243,0
3244,0
3246,0
3247,0
3248,0
3249,0
3250,0
3252,0
3254,0
3257,1
3258,0
3260,0
3261,1
3262,0
3264,0
3269,0
3274,0
3275,0
3276,0
3278,0
3280,0
3281,1
3283,0
3284,0
3285,0
3286,0
3288,0
3289,0
3292,0
3293,0
3295,0
3297,0
3300,0
3304,0
3305,0
3306,0
3308,0
3310,0
3311,0
3312,0
3313,0
3316,1
3317,1
3319,0
3320,0
3321,0
3323,0
3324,0
3325,0
3326,0
3327,0
3328,0
3331,0
3332,0
3334,0
3335,0
3337,0
3339,0
3342,0
3343,0
3348,0
3352,0
3357,0
3358,0
3359,0
3360,0
3364,0
3367,0
3370,1
3372,0
3373,0
3376,0
3379,1
3382,0
3383,0
3389,0
3390,0
3391,0
3394,0
3395,0
3397,0
3399,0
3409,0
3410,0
3411,0
3413,0
3414,0
3417,0
3418,0
3419,0
3421,0
3429,0
3430,0
3432,0
3436,0
3440,0
3442,0
3443,0
3445,0
3447,0
3448,0
3451,0
3453,1
3454,0
3455,0
3458,0
3461,0
3467,0
3468,0
3472,0
3473,0
3475,0
3478,0
3482,0
3483,0
3484,0
3487,0
3489,0
3490,0
3492,0
3493,0
3494,0
3499,0
3503,0
3504,0
3505,0
3506,0
3507,0
3508,0
3510,0
3515,0
3517,0
3518,0
3521,0
3523,0
3525,0
3526,0
3527,0
3529,0
3532,0
3536,0
3537,0
3539,0
3540,0
3543,0
3544,0
3546,0
3547,0
3550,0
3551,0
3553,0
3556,0
3560,0
3565,0
3566,0
3567,0
3568,0
3570,0
3572,0
3574,0
3576,0
3580,0
3587,0
3588,0
3591,0
3593,0
3594,0
3598,0
3602,0
3603,0
3604,0
3605,0
3606,0
3607,0
3609,1
3612,0
3614,0
3615,0
3616,0
3617,0
3618,0
3620,0
3622,0
3626,0
3632,0
3638,0
3640,0
3643,0
3644,0
3647,0
3648,0
3651,0
3652,0
3657,0
3660,0
3662,0
3663,0
3664,0
3666,0
3667,0
3668,0
3669,0
3671,0
3672,0
3675,0
3677,0
3678,0
3680,0
3683,0
3687,0
3688,0
3689,0
3690,0
3691,0
3694,0
3696,0
3697,0
3701,0
3702,0
3703,0
3705,0
3708,0
3711,0
3712,0
3714,0
3716,0
3717,0
3718,0
3719,0
3722,0
3723,0
3724,0
3726,0
3730,0
3734,0
3735,0
3736,0
3737,0
3738,0
3743,0
3748,0
3749,0
3750,0
3751,0
3752,0
3755,0
3756,0
3757,0
3758,0
3761,0
3762,0
3763,0
3764,0
3766,0
3768,0
3769,0
3770,0
3771,0
3775,0
3777,0
3780,0
3782,0
3784,0
3785,0
3786,0
3787,0
3788,0
3791,0
3794,0
3795,0
3796,0
3797,0
3798,0
3799,0
3800,0
3803,0
3808,0
3810,0
3815,0
3816,0
3818,0
3819,0
3820,0
3821,0
3822,0
3823,0
3824,0
3825,0
3827,0
3829,0
3830,0
3832,0
3836,0
3838,0
3839,0
3840,1
3843,0
3845,0
3846,0
3848,0
3850,0
3852,0
3854,0
3855,0
3856,0
3858,0
3859,0
3860,0
3862,0
3867,0
3869,0
3870,0
3873,0
3875,0
3876,0
3879,0
3880,1
3886,0
3891,0
3894,0
3896,0
3897,0
3899,0
3901,0
3903,0
3905,0
3907,0
3908,0
3909,0
3910,0
3916,0
3917,0
3918,0
3920,0
3921,0
3922,0
3923,0
3924,0
3925,0
3929,0
3931,0
3932,0
3934,0
3935,0
3937,0
3940,0
3942,0
3944,0
3946,0
3950,0
3953,0
3955,0
3957,0
3958,0
3959,0
3961,0
3962,0
3963,0
3964,0
3967,0
3969,0
3972,0
3974,0
3976,0
3981,0
3982,0
3984,0
3986,0
3993,0
3994,0
3996,0
3998,0
4000,0
4003,1
4004,0
4005,0
4006,0
4009,0
4010,0
4011,1
4012,0
4014,0
4016,0
4018,1
4020,0
4022,0
4023,1
4028,0
4029,0
4030,0
4032,0
4035,0
4043,0
4048,0
4049,0
4051,0
4053,0
4054,0
4057,0
4058,0
4059,0
4060,0
4064,0
4067,0
4072,0
4073,1
4074,0
4075,0
4076,0
4079,0
4081,0
4082,0
4084,0
4085,0
4088,0
4089,0
4091,0
4092,0
4093,0
4098,0
4109,1
4110,0
4113,0
4115,0
4116,0
4118,0
4119,0
4121,0
4126,0
4127,0
4128,0
4129,0
4130,0
4131,0
4132,1
4135,0
4136,0
4138,0
4139,0
4140,0
4144,0
4145,1
4146,0
4147,0
4148,0
4150,0
4151,0
4152,0
4153,0
4155,0
4156,0
4157,0
4161,0
4166,1
4167,0
4173,0
4174,0
4175,0
4176,0
4177,0
4182,0
4183,0
4187,0
4188,0
4189,0
4190,0
4191,0
4194,0
4195,1
4197,0
4200,0
4201,0
4202,0
4203,0
4206,0
4207,0
4210,0
4214,0
4222,0
4226,0
4231,0
4235,0
4237,0
4243,0
4251,0
4255,0
4258,0
4260,0
4264,0
4269,0
4270,0
4271,0
4273,0
4274,0
4276,0
4280,0
4281,0
4282,0
4286,0
4288,0
4290,0
4291,0
4293,0
4294,0
4295,0
4296,0
4297,1
4300,0
4303,0
4304,0
4305,0
4306,0
4309,0
4314,0
4315,0
4316,0
4317,1
4318,0
4319,0
4320,0
4321,0
4326,0
4328,0
4331,0
4332,0
4334,0
4335,0
4336,0
4337,1
4340,0
4341,0
4345,0
4346,0
4347,0
4348,0
4349,0
4350,0
4351,0
4352,0
4353,0
4354,1
4356,1
4358,1
4359,0
4360,0
4361,0
4362,1
4363,0
4364,0
4365,0
4366,0
4367,0
4369,0
4370,0
4372,0
4373,0
4374,0
4376,0
4379,0
4380,0
4381,0
4383,0
4384,0
4385,0
4386,0
4387,0
4390,0
4391,0
4394,0
4399,0
4400,0
4404,0
4405,0
4408,0
4415,0
4416,0
4418,0
4419,0
4420,0
4422,0
4423,0
4425,0
4428,0
4432,0
4433,0
4434,0
4436,0
4437,0
4439,0
4440,0
4446,0
4450,0
4451,0
4452,0
4454,0
4455,0
4458,0
4459,0
4460,0
4461,0
4463,0
4464,0
4466,0
4468,0
4469,0
4472,0
4473,0
4474,0
4477,0
4478,0
4480,0
4481,1
4484,0
4485,0
4486,0
4488,0
4491,0
4492,0
4497,0
4498,0
4499,0
4504,0
4511,0
4514,0
4515,1
4519,0
4520,0
4525,0
4529,0
4530,0
4531,0
4532,0
4536,0
4537,0
4538,0
4539,0
4543,0
4544,0
4546,0
4551,0
4555,0
4557,0
4560,0
4563,0
4565,0
4566,0
4568,0
4569,0
4571,0
4572,1
4574,0
4575,0
4578,0
4580,0
4581,0
4582,0
4583,0
4584,0
4587,0
4588,0
4589,0
4590,1
4591,0
4593,0
4594,0
4599,1
4606,0
4607,1
4608,0
4609,0
4611,0
4613,0
4614,0
4617,0
4619,0
4621,0
4624,0
4625,0
4626,0
4627,0
4630,0
4631,0
4634,0
4636,0
4637,1
4641,0
4642,0
4646,0
4647,0
4648,0
4651,0
4652,0
4653,0
4655,1
4657,0
4658,1
4662,1
4663,0
4664,0
4666,0
4667,0
4671,0
4672,0
4673,0
4674,0
4678,0
4679,0
4682,0
4683,0
4684,0
4686,0
4688,0
4689,0
4694,0
4696,0
4697,0
4700,0
4701,0
4703,0
4704,0
4707,0
4708,0
4709,0
4711,0
4712,1
4713,0
4714,1
4716,0
4721,0
4722,0
4725,0
4728,0
4729,0
4734,0
4736,1
4738,0
4739,0
4740,0
4742,0
4754,0
4757,0
4760,0
4761,0
4762,0
4766,0
4770,0
4771,0
4776,0
4780,0
4783,0
4785,0
4788,0
4790,0
4792,0
4793,0
4794,0
4796,0
4799,0
4800,1
4804,0
4807,0
4809,0
4811,0
4812,0
4813,0
4814,0
4815,1
4820,0
4823,1
4824,0
4825,0
4826,0
4828,0
4835,0
4836,0
4837,1
4839,0
4841,0
4842,0
4844,0
4846,0
4851,0
4854,1
4855,0
4857,0
4859,0
4861,1
4868,0
4870,0
4872,0
4874,0
4876,0
4877,0
4879,0
4880,0
4881,0
4883,0
4884,0
4887,0
4888,0
4889,1
4890,0
4891,0
4895,0
4896,1
4900,0
4901,0
4903,0
4904,0
4906,0
4908,0
4909,0
4911,0
4915,0
4916,0
4917,0
4918,0
4919,0
4920,0
4921,0
4922,0
4923,0
4924,0
4930,0
4931,0
4934,0
4935,0
4936,0
4942,0
4944,0
4945,0
4946,0
4947,0
4948,0
4949,0
4954,0
4956,0
4957,0
4958,0
4959,0
4960,0
4963,0
4964,0
4965,0
4971,0
4974,0
4978,0
4979,0
4980,0
4981,0
4983,0
4985,0
4986,0
4987,0
4988,0
4989,0
4991,0
4992,0
4993,0
4994,0
4998,0
5004,0
5007,0
5008,0
5009,0
5011,0
5012,0
5013,0
5014,0
5015,0
5016,0
5023,0
5024,0
5025,0
5026,0
5027,0
5030,0
5033,0
5034,0
5036,0
5037,0
5039,1
5041,0
5044,0
5045,0
5046,0
5049,0
5051,0
5052,0
5053,0
5054,0
5058,0
5060,0
5061,0
5065,0
5068,0
5070,0
5072,0
5073,0
5074,0
5075,1
5076,0
5079,0
5082,0
5083,0
5086,0
5087,0
5089,0
5090,1
5091,0
5094,0
5095,0
5098,0
5100,0
5101,0
5102,0
5105,0
5106,0
5107,0
5108,0
5112,0
5113,0
5114,0
5115,0
5117,0
5125,0
5128,0
5130,0
5132,0
5133,1
5134,0
5138,0
5139,0
5140,0
5143,0
5145,0
5148,1
5149,0
5150,0
5158,0
5161,0
5162,0
5163,0
5168,0
5169,0
5171,0
5172,0
5173,0
5175,0
5176,0
5179,0
5182,0
5189,0
5190,0
5193,0
5195,0
5198,0
5199,0
5200,0
5201,0
5205,0
5206,0
5207,0
5210,0
5211,0
5212,0
5213,0
5215,0
5220,0
5222,0
5223,0
5228,0
5234,0
5235,0
5236,0
5240,0
5241,0
5242,0
5246,0
5247,0
5251,0
5252,0
5253,0
5255,0
5256,0
5257,0
5258,0
5259,0
5261,0
5262,0
5263,0
5266,0
5267,0
5268,0
5272,0
5274,1
5275,0
5276,0
5277,0
5278,0
5282,1
5285,0
5290,0
5291,0
5295,0
5296,0
5298,0
5304,0
5305,0
5306,0
5307,0
5308,0
5309,0
5311,0
5313,0
5315,0
5323,0
5324,0
5325,0
5326,0
5327,0
5332,0
5333,0
5335,0
5337,0
5344,0
5346,0
5347,0
5348,0
5351,0
5352,0
5353,0
5355,0
5356,0
5358,0
5359,0
5361,1
5363,0
5365,0
5366,0
5367,0
5372,0
5374,0
5375,0
5376,0
5383,0
5385,0
5387,0
5393,0
5394,0
5398,0
5399,0
5400,0
5401,0
5402,0
5405,0
5408,0
5410,0
5411,0
5419,1
5424,0
5425,0
5426,1
5429,0
5431,0
5432,0
5433,0
5434,0
5435,0
5436,0
5437,0
5438,0
5439,0
5440,0
5441,0
5444,0
5445,0
5448,0
5449,0
5450,0
5453,0
5454,0
5456,0
5458,0
5459,0
5461,0
5463,0
5464,0
5467,0
5468,0
5470,0
5471,0
5472,0
5473,0
5474,0
5481,0
5482,0
5483,0
5484,0
5487,1
5493,0
5494,0
5495,0
5498,0
5499,0
5500,0
5504,0
5505,0
5507,0
5511,0
5514,0
5520,0
5521,0
5523,1
5525,0
5527,0
5532,0
5533,0
5535,0
5538,0
5539,0
5540,0
5543,0
5544,0
5545,0
5546,0
5553,0
5555,0
5557,0
5560,0
5561,0
5562,0
5563,0
5564,0
5566,1
5567,0
5570,0
5573,0
5575,1
5578,0
5581,0
5582,0
5583,0
5584,0
5585,0
5586,0
5587,0
5590,0
5591,0
5593,0
5600,0
5603,0
5605,1
5607,0
5609,0
5613,0
5615,0
5618,0
5619,0
5622,0
5623,0
5627,0
5629,1
5630,0
5631,0
5632,0
5636,0
5637,1
5640,0
5642,0
5644,0
5645,0
5646,0
5648,0
5649,0
5650,0
5651,0
5652,0
5653,0
5659,0
5660,0
5664,0
5666,0
5668,0
5671,0
5672,0
5674,1
5676,0
5677,1
5678,0
5679,0
5680,0
5684,0
5686,0
5688,0
5689,0
5690,0
5691,0
5696,0
5698,0
5699,0
5702,0
5703,0
5704,0
5705,0
5706,0
5707,0
5708,0
5709,0
5710,0
5711,0
5712,0
5713,0
5714,0
5715,0
5717,0
5718,0
5721,0
5722,0
5723,0
5724,0
5726,0
5730,0
5733,0
5734,0
5737,0
5738,0
5739,0
5740,0
5743,0
5744,0
5749,0
5750,0
5751,0
5752,0
5753,0
5754,0
5758,0
5761,0
5762,0
5764,0
5765,0
5768,0
5769,0
5771,1
5772,0
5777,0
5778,0
5783,0
5784,0
5785,0
5786,0
5787,0
5788,0
5790,0
5792,0
5794,0
5795,0
5796,0
5797,1
5800,0
5801,1
5805,0
5806,0
5807,0
5808,0
5814,0
5815,0
5816,0
5820,0
5822,0
5824,0
5826,0
5827,0
5829,0
5832,0
5834,0
5835,0
5836,0
5837,0
5841,0
5843,0
5844,0
5846,0
5847,0
5854,1
5855,0
5856,0
5857,0
5860,0
5863,0
5864,0
5866,0
5868,0
5872,0
5874,0
5877,0
5878,0
5879,0
5880,0
5881,0
5882,0
5884,0
5886,0
5887,0
5888,0
5893,0
5898,0
5901,0
5902,0
5903,1
5904,0
5905,0
5906,0
5909,0
5915,0
5916,0
5917,0
5919,0
5920,1
5921,0
5930,1
5932,0
5936,0
5937,0
5938,0
5939,0
5941,0
5942,0
5943,0
5946,0
5948,0
5949,0
5950,0
5955,0
5956,0
5957,0
5958,1
5961,0
5964,0
5966,1
5967,1
5973,0
5974,0
5976,0
5979,0
5980,0
5985,0
5987,0
5988,0
5990,0
5992,0
5996,0
5997,0
5998,0
5999,0
6003,0
6007,0
6009,0
6010,0
6011,0
6012,0
6013,0
6014,0
6015,0
6017,0
6019,0
6020,0
6023,0
6024,0
6025,0
6031,0
6035,0
6036,0
6037,0
6038,0
6039,0
6041,0
6042,0
6043,0
6047,0
6048,0
6050,0
6053,0
6056,0
6060,0
6061,0
6062,0
6064,0
6065,0
6068,0
6072,0
6075,1
6078,1
6080,0
6082,0
6083,0
6084,0
6085,0
6086,0
6089,0
6090,0
6091,0
6093,0
6096,0
6097,0
6101,0
6102,0
6105,0
6106,0
6109,0
6112,0
6114,0
6119,0
6120,0
6121,0
6123,0
6124,0
6129,0
6130,0
6131,0
6132,0
6133,0
6135,0
6139,0
6140,0
6142,0
6143,0
6145,0
6149,0
6152,0
6154,0
6155,0
6156,0
6157,0
6159,0
6161,0
6165,1
6166,0
6169,1
6170,0
6172,0
6173,0
6174,0
6176,0
6177,0
6178,0
6179,0
6182,0
6183,0
6186,0
6187,0
6189,0
6193,0
6196,0
6198,0
6200,0
6202,0
6203,0
6204,0
6206,0
6207,0
6210,0
6211,0
6215,0
6217,0
6218,0
6219,0
6221,0
6223,0
6225,0
6227,0
6228,0
6229,0
6232,0
6235,0
6236,0
6238,0
6240,0
6242,0
6245,0
6246,0
6250,0
6254,0
6256,0
6259,0
6261,0
6263,0
6265,0
6266,0
6268,0
6271,0
6275,0
6276,0
6279,0
6281,0
6283,0
6284,0
6285,0
6287,0
6290,0
6291,0
6293,0
6297,0
6298,0
6299,0
6300,0
6301,0
6302,0
6308,0
6311,0
6314,0
6318,0
6319,0
6325,0
6327,0
6328,0
6331,0
6333,0
6337,0
6338,0
6340,0
6341,1
6343,0
6345,0
6347,0
6348,0
6349,0
6350,0
6355,0
6356,0
6357,0
6358,0
6361,0
6363,0
6364,0
6365,0
6366,0
6368,0
6370,0
6371,0
6372,0
6375,0
6376,0
6378,0
6383,0
6384,0
6385,0
6386,0
6387,0
6389,0
6390,0
6392,0
6394,0
6396,0
6400,0
6401,0
6402,0
6403,0
6405,0
6406,0
6407,0
6409,0
6410,0
6412,0
6413,0
6417,0
6419,0
6421,0
6424,0
6429,0
6430,0
6431,1
6432,0
6434,0
6435,0
6438,0
6440,0
6441,0
6444,0
6446,0
6447,1
6448,0
6449,0
6451,0
6452,0
6454,0
6456,0
6458,0
6459,0
6460,1
6463,0
6464,0
6465,0
6467,0
6476,0
6477,0
6478,0
6483,0
6485,0
6486,0
6487,0
6489,0
6490,0
6491,0
6493,0
6497,0
6498,0
6500,0
6505,0
6506,0
6507,0
6510,0
6512,0
6516,0
6519,0
6522,0
6526,0
6528,0
6529,0
6530,0
6531,0
6534,0
6536,0
6537,0
6539,0
6540,0
6541,0
6543,0
6545,0
6546,0
6547,0
6551,0
6554,0
6555,0
6556,0
6558,0
6562,0
6565,0
6567,0
6568,0
6569,0
6570,0
6573,0
6574,0
6575,0
6580,0
6583,0
6585,0
6593,0
6598,0
6601,0
6604,0
6605,0
6607,0
6609,0
6610,0
6613,0
6614,0
6616,0
6618,0
6619,0
6622,0
6628,0
6631,0
6633,0
6634,0
6640,0
6641,0
6642,0
6645,0
6646,0
6647,0
6651,0
6652,0
6657,0
6660,0
6662,0
6666,0
6667,0
6668,0
6669,0
6671,0
6676,0
6677,0
6678,0
6679,0
6683,0
6688,0
6690,0
6691,0
6694,0
6695,0
6696,0
6699,0
6700,0
6702,0
6704,0
6706,0
6708,0
6711,1
6712,0
6713,0
6714,0
6716,0
6717,0
6721,0
6724,0
6725,0
6727,0
6729,0
6730,0
6731,0
6734,0
6737,0
6738,0
6739,0
6742,0
6743,0
6744,0
6745,0
6747,0
6748,1
6751,0
6754,1
6767,0
6768,0
6769,0
6771,0
6777,0
6780,0
6782,0
6783,0
6786,0
6788,0
6789,0
6791,0
6792,0
6795,0
6796,0
6797,0
6798,0
6800,0
6802,0
6803,0
6805,0
6806,0
6807,0
6815,0
6817,0
6819,0
6821,0
6822,0
6824,0
6826,0
6828,0
6829,0
6830,0
6831,0
6832,0
6833,0
6839,0
6841,0
6842,0
6846,0
6847,0
6849,0
6850,0
6851,0
6854,0
6856,0
6858,0
6859,0
6861,0
6862,0
6863,0
6864,0
6865,0
6867,0
6868,0
6869,0
6870,0
6871,0
6872,0
6877,0
6878,0
6879,0
6881,0
6882,0
6884,0
6885,0
6890,0
6896,0
6897,0
6899,0
6900,0
6901,0
6904,0
6905,0
6906,0
6909,0
6910,0
6913,0
6914,0
6919,0
6920,0
6923,0
6924,0
6926,0
6927,0
6930,0
6931,0
6932,0
6938,0
6939,0
6943,0
6944,0
6951,0
6952,1
6953,0
6957,0
6958,0
6959,0
6963,0
6965,0
6967,0
6969,0
6970,1
6971,0
6972,0
6973,0
6974,0
6977,0
6981,0
6982,0
6983,0
6986,0
6987,0
6993,0
6994,1
6998,0
6999,0
7007,0
7009,0
7010,0
7012,0
7013,0
7015,1
7016,0
7017,1
7018,0
7020,0
7023,0
7024,0
7026,0
7027,0
7028,0
7029,0
7030,0
7035,0
7036,0
7039,0
7041,0
7044,0
7046,0
7047,0
7049,0
7050,0
7051,0
7052,0
7055,0
7056,0
7060,0
7061,0
7065,0
7068,0
7071,0
7073,0
7074,0
7076,0
7077,0
7078,0
7084,0
7086,0
7087,0
7089,0
7091,0
7094,0
7096,0
7099,0
7101,0
7102,0
7105,0
7112,0
7115,0
7117,0
7118,0
7119,0
7120,0
7122,0
7127,0
7130,0
7131,0
7132,0
7133,0
7135,0
7142,0
7145,0
7147,0
7153,0
7155,0
7156,0
7158,0
7163,0
7167,0
7172,0
7174,0
7177,0
7178,0
7179,0
7182,0
7183,0
7184,0
7185,1
7187,0
7188,0
7195,0
7196,0
7197,0
7199,0
7201,0
7202,0
7203,0
7204,0
7206,0
7208,1
7209,0
7212,0
7217,0
7218,0
7220,1
7225,0
7227,0
7228,0
7229,0
7234,0
7235,0
7238,0
7239,0
7241,0
7243,0
7244,0
7247,0
7249,0
7251,0
7254,0
7255,0
7256,0
7260,0
7263,0
7264,0
7265,0
7269,0
7270,0
7271,0
7273,0
7276,0
7278,0
7279,0
7284,0
7285,0
7286,0
7288,0
7291,1
7293,0
7294,0
7295,0
7297,0
7298,0
7299,0
7300,0
7301,0
7303,0
7304,0
7308,0
7311,0
7312,0
7315,0
7317,0
7319,0
7320,0
7322,0
7324,0
7327,0
7328,0
7329,0
7331,0
7332,0
7335,0
7337,0
7339,0
7341,0
7342,0
7345,0
7347,0
7348,0
7349,1
7350,0
7353,0
7354,0
7355,0
7357,0
7358,0
7359,0
7360,0
7362,0
7367,1
7368,0
7369,0
7370,0
7372,0
7373,1
7375,0
7376,0
7377,0
7380,0
7382,1
7386,0
7388,0
7391,0
7394,0
7397,0
7399,0
7400,0
7401,0
7402,0
7403,0
7404,0
7408,0
7409,0
7410,0
7413,0
7414,0
7418,0
7420,0
7422,0
7423,0
7425,0
7429,0
7432,0
7433,0
7434,0
7437,0
7439,0
7440,0
7441,1
7442,0
7447,0
7448,0
7449,0
7450,0
7452,0
7453,0
7454,0
7456,0
7457,0
7458,0
7459,0
7462,0
7463,0
7464,0
7465,0
7466,0
7467,0
7469,0
7470,0
7471,0
7472,0
7474,0
7476,0
7481,0
7485,0
7490,0
7491,0
7495,0
7497,0
7498,0
7499,0
7500,0
7502,0
7504,0
7508,0
7511,0
7513,1
7514,0
7515,0
7516,0
7519,0
7520,0
7523,0
7526,0
7528,0
7530,0
7531,0
7536,0
7537,0
7538,0
7541,1
7542,0
7543,0
7544,0
7545,0
7546,0
7547,0
7551,0
7555,0
7561,0
7564,0
7567,0
7569,0
7570,0
7572,0
7574,1
7575,0
7578,0
7582,0
7583,0
7584,1
7590,0
7591,0
7592,0
7595,0
7596,0
7597,0
7599,0
7600,0
7601,0
7602,0
7603,0
7604,0
7605,0
7607,0
7608,0
7612,0
7614,0
7616,0
7617,0
7623,0
7625,0
7626,0
7627,0
7629,0
7630,0
7631,0
7632,0
7637,0
7638,0
7642,0
7646,0
7649,0
7651,0
7652,0
7653,0
7654,0
7656,0
7657,0
7658,0
7662,0
7664,0
7665,0
7666,0
7667,0
7668,0
7671,1
7673,0
7674,1
7675,0
7680,0
7682,0
7686,0
7692,0
7695,0
7699,0
7701,0
7707,0
7708,0
7709,0
7710,0
7715,0
7716,0
7718,0
7719,0
7721,0
7722,0
7723,0
7724,0
7727,0
7728,0
7729,0
7730,0
7734,0
7737,0
7738,0
7739,0
7740,0
7743,0
7744,0
7746,0
7748,0
7749,0
7750,0
7753,0
7754,0
7755,0
7756,0
7758,0
7759,0
7760,0
7762,0
7763,0
7764,0
7765,0
7766,0
7771,0
7773,0
7774,0
7775,1
7776,0
7777,0
7778,0
7779,0
7784,0
7785,0
7787,0
7788,0
7790,0
7792,0
7793,1
7795,0
7796,0
7801,0
7802,0
7805,0
7807,0
7809,0
7813,0
7816,0
7817,0
7820,0
7821,0
7823,0
7824,0
7825,0
7826,0
7827,0
7830,0
7832,0
7834,0
7835,0
7837,0
7839,0
7841,0
7842,0
7843,0
7845,0
7847,0
7850,0
7852,1
7858,0
7859,0
7861,0
7862,0
7864,0
7865,1
7869,0
7870,1
7871,1
7874,1
7876,0
7877,0
7878,0
7886,0
7889,0
7890,1
7891,0
7892,0
7893,0
7896,0
7897,0
7898,1
7901,0
7902,1
7903,0
7904,0
7906,0
7907,0
7908,0
7910,0
7911,1
7912,0
7914,0
7915,0
7917,0
7919,0
7920,0
7924,1
7926,0
7927,0
7930,0
7931,0
7933,0
7936,0
7939,0
7948,0
7951,0
7952,1
7954,0
7958,0
7959,0
7960,0
7961,0
7963,0
7965,0
7967,0
7968,0
7969,0
7971,0
7972,0
7973,0
7974,0
7975,0
7976,1
7977,0
7980,0
7983,0
7984,0
7988,0
7990,0
7992,0
7993,0
7994,0
7995,0
7996,0
7998,0
7999,0
8004,0
8006,0
8008,0
8009,0
8011,0
8012,0
8013,0
8014,0
8016,0
8017,0
8018,0
8019,0
8020,0
8022,0
8024,0
8025,0
8026,0
8028,0
8029,0
8031,0
8036,0
8043,0
8044,0
8049,0
8050,0
8051,0
8052,0
8053,0
8054,0
8055,0
8063,1
8064,0
8065,0
8066,0
8067,0
8068,0
8069,0
8071,0
8072,1
8076,0
8077,0
8078,0
8079,0
8084,0
8089,0
8091,0
8092,0
8095,0
8098,0
8102,0
8104,0
8105,0
8107,1
8108,0
8109,0
8110,0
8111,0
8112,0
8113,0
8117,1
8122,0
8125,0
8127,0
8128,0
8129,0
8132,0
8134,0
8135,0
8139,0
8141,0
8144,0
8146,0
8148,0
8156,0
8157,0
8158,0
8159,0
8163,0
8166,0
8168,0
8171,0
8173,0
8174,0
8177,0
8180,0
8183,0
8184,0
8186,0
8187,0
8188,0
8189,0
8191,0
8194,0
8197,0
8199,0
8200,0
8201,0
8205,0
8207,0
8208,0
8211,0
8216,0
8217,0
8219,0
8220,0
8221,0
8222,0
8224,0
8226,0
8227,0
8228,0
8234,0
8236,0
8240,0
8242,0
8243,0
8244,1
8245,0
8249,0
8250,0
8255,0
8257,0
8259,0
8261,0
8262,0
8264,0
8266,0
8267,0
8271,0
8272,0
8273,0
8275,0
8279,0
8281,0
8283,0
8286,0
8287,0
8288,0
8289,0
8298,0
8301,0
8302,0
8308,0
8314,0
8318,0
8319,0
8320,0
8325,0
8329,0
8332,0
8334,0
8335,0
8338,0
8339,0
8341,0
8342,1
8343,0
8344,0
8346,0
8349,0
8355,0
8357,0
8358,0
8359,0
8360,0
8361,0
8363,0
8370,0
8372,0
8374,0
8375,1
8377,0
8386,0
8387,0
8393,0
8395,0
8396,0
8397,0
8398,0
8399,0
8403,0
8404,0
8408,0
8412,0
8413,0
8415,0
8419,0
8421,0
8422,0
8424,0
8425,0
8427,0
8435,0
8436,0
8443,1
8444,0
8445,1
8449,0
8450,0
8454,0
8458,0
8460,0
8461,0
8462,0
8464,0
8469,0
8470,0
8474,0
8475,0
8476,0
8479,0
8480,0
8481,0
8482,0
8485,0
8489,0
8490,0
8492,0
8494,0
8497,0
8498,0
8499,0
8500,0
8501,0
8502,0
8505,0
8506,0
8507,0
8509,0
8510,0
8511,0
8512,0
8513,0
8515,1
8517,0
8519,0
8520,0
8525,0
8528,0
8533,0
8534,0
8536,0
8537,0
8539,0
8541,0
8542,0
8543,0
8544,0
8545,0
8547,0
8550,0
8554,0
8555,0
8559,0
8560,0
8561,0
8563,0
8565,0
8570,0
8571,0
8572,0
8574,0
8576,0
8578,0
8579,0
8581,0
8582,0
8583,0
8585,0
8589,0
8591,0
8592,0
8593,0
8594,0
8596,0
8597,0
8598,0
8603,0
8604,0
8605,0
8607,0
8609,0
8611,0
8612,0
8615,0
8619,0
8620,0
8621,0
8622,0
8624,0
8625,0
8626,0
8629,0
8632,0
8633,0
8635,0
8636,0
8637,0
8640,0
8642,0
8644,1
8648,0
8650,0
8651,0
8653,0
8654,0
8655,0
8657,0
8658,0
8659,0
8660,0
8661,0
8663,0
8665,0
8666,0
8667,0
8669,0
8670,0
8671,0
8673,0
8675,0
8679,0
8680,0
8681,0
8685,0
8686,0
8687,0
8690,0
8694,0
8695,0
8699,0
8700,0
8701,1
8703,0
8704,0
8707,0
8710,0
8713,0
8715,0
8716,0
8717,0
8718,0
8719,0
8721,0
8722,0
8724,0
8726,0
8727,0
8729,0
8730,0
8731,0
8732,0
8734,0
8736,0
8737,0
8738,0
8740,0
8742,0
8744,0
8749,0
8750,0
8751,0
8752,0
8753,1
8755,0
8756,0
8757,0
8758,0
8759,0
8764,0
8765,0
8769,0
8770,0
8772,0
8776,1
8778,0
8779,0
8787,0
8788,1
8789,0
8790,0
8791,0
8793,0
8794,0
8795,0
8799,0
8801,0
8802,0
8804,0
8805,0
8806,0
8808,0
8809,0
8810,0
8811,0
8812,0
8813,1
8815,0
8816,0
8818,0
8819,0
8822,0
8824,0
8826,0
8827,0
8828,0
8834,0
8835,0
8836,0
8837,0
8838,0
8842,0
8844,0
8846,0
8848,0
8849,0
8850,0
8851,0
8854,0
8855,0
8857,0
8859,0
8862,0
8863,0
8865,0
8866,0
8869,0
8870,0
8871,0
8872,0
8879,0
8880,0
8882,0
8883,0
8884,0
8886,0
8888,0
8889,0
8890,0
8891,0
8892,0
8893,0
8896,0
8897,0
8899,0
8905,0
8907,0
8912,0
8915,0
8916,1
8917,0
8921,0
8922,0
8925,0
8928,0
8930,0
8931,0
8932,0
8933,0
8934,1
8935,0
8936,0
8941,0
8942,0
8945,0
8948,0
8949,0
8950,0
8951,0
8952,0
8955,0
8956,0
8958,0
8962,1
8963,0
8964,1
8965,0
8967,0
8969,0
8971,0
8975,0
8978,0
8981,0
8983,0
8984,0
8987,1
8988,0
8989,0
8990,0
8991,0
8994,0
9000,0
9002,0
9003,0
9004,0
9006,0
9008,0
9010,0
9011,0
9015,0
9016,0
9017,0
9019,0
9020,0
9023,0
9024,0
9025,0
9026,0
9027,0
9029,0
9030,0
9031,0
9032,0
9034,0
9035,0
9036,0
9040,0
9043,0
9044,0
9045,0
9047,0
9048,0
9049,0
9050,1
9051,0
9052,0
9053,0
9054,0
9055,0
9056,0
9060,0
9061,0
9062,0
9063,0
9066,0
9067,0
9068,0
9070,0
9071,0
9074,0
9075,0
9080,0
9081,0
9086,0
9087,0
9089,0
9091,0
9097,0
9098,0
9099,0
9100,0
9101,0
9102,0
9104,0
9111,0
9113,0
9114,0
9115,0
9116,0
9117,0
9119,0
9120,1
9121,0
9124,0
9125,0
9127,0
9128,0
9129,0
9132,0
9134,0
9136,0
9137,0
9139,0
9141,0
9142,0
9143,0
9144,0
9145,0
9147,0
9149,0
9150,0
9152,0
9154,0
9158,0
9160,0
9164,0
9165,0
9166,0
9168,0
9170,0
9172,0
9174,0
9178,0
9182,0
9184,0
9185,0
9187,0
9188,0
9191,0
9194,0
9196,0
9199,0
9202,0
9204,0
9206,0
9209,0
9211,0
9213,0
9215,0
9217,0
9219,0
9222,0
9225,0
9226,0
9227,0
9228,0
9230,0
9232,0
9234,0
9235,0
9239,0
9242,0
9243,0
9245,0
9248,0
9251,0
9255,0
9257,0
9260,0
9262,0
9263,0
9264,0
9266,0
9269,0
9271,0
9272,0
9274,0
9275,0
9276,0
9277,0
9278,0
9280,0
9281,0
9282,0
9285,0
9286,0
9287,0
9289,0
9290,0
9291,0
9292,0
9293,0
9295,0
9296,0
9297,0
9298,0
9301,0
9302,0
9303,0
9306,0
9307,0
9309,0
9311,0
9312,0
9313,0
9315,0
9317,0
9318,0
9319,0
9322,0
9324,0
9326,0
9327,0
9330,0
9331,0
9338,0
9341,0
9342,0
9343,0
9346,0
9347,0
9349,0
9352,0
9355,0
9357,0
9359,0
9360,0
9361,0
9363,0
9364,0
9366,0
9367,0
9368,0
9371,0
9373,0
9379,0
9380,0
9381,0
9384,0
9386,0
9387,0
9388,0
9389,0
9390,0
9393,0
9394,1
9396,0
9397,0
9401,0
9404,0
9406,0
9407,0
9408,0
9409,0
9412,0
9413,0
9417,0
9419,0
9420,0
9425,0
9429,0
9431,0
9432,0
9433,0
9438,0
9440,0
9446,0
9447,0
9449,0
9450,1
9452,0
9453,0
9455,0
9458,0
9462,0
9464,0
9466,0
9467,0
9471,0
9472,0
9474,0
9476,0
9477,0
9478,0
9479,0
9481,0
9484,0
9485,0
9490,0
9491,0
9495,0
9496,0
9497,0
9498,0
9499,0
9500,0
9502,0
9503,1
9506,0
9507,1
9508,1
9513,0
9515,0
9516,0
9517,0
9518,0
9520,0
9521,0
9522,0
9523,0
9525,0
9528,1
9530,0
9532,0
9533,0
9534,1
9537,0
9538,0
9539,0
9540,0
9541,0
9542,0
9545,0
9546,0
9549,0
9550,0
9552,0
9556,0
9558,1
9559,0
9564,0
9565,0
9571,0
9572,0
9573,0
9574,0
9575,0
9576,1
9578,0
9579,0
9582,0
9584,0
9585,0
9590,0
9591,0
9592,0
9594,0
9595,0
9598,0
9599,0
9601,0
9605,0
9606,0
9607,0
9608,0
9612,0
9614,1
9618,0
9620,0
9621,0
9623,0
9625,0
9626,0
9627,0
9630,0
9631,0
9635,0
9636,0
9637,0
9639,0
9640,0
9641,0
9643,0
9646,1
9647,0
9649,0
9650,0
9651,0
9653,0
9654,0
9655,0
9656,0
9657,0
9658,0
9659,0
9660,0
9663,1
9666,0
9671,0
9672,0
9674,0
9675,0
9676,0
9677,0
9678,0
9679,0
9680,0
9681,0
9685,1
9687,0
9690,0
9692,0
9693,0
9694,0
9695,0
9697,0
9701,0
9704,0
9706,0
9707,0
9708,0
9710,0
9711,0
9712,0
9713,0
9718,0
9721,0
9722,0
9723,0
9725,0
9727,0
9728,0
9729,0
9730,0
9732,0
9734,0
9737,0
9738,0
9740,0
9744,0
9745,0
9747,0
9751,0
9752,0
9754,0
9755,0
9757,0
9760,0
9763,0
9764,0
9765,0
9767,0
9772,0
9777,0
9778,0
9785,0
9786,0
9789,0
9791,0
9793,0
9798,0
9799,0
9803,0
9806,0
9807,0
9808,0
9809,0
9810,0
9811,0
9815,0
9816,0
9817,0
9820,0
9821,0
9822,0
9824,0
9831,0
9832,0
9836,0
9837,0
9843,0
9846,0
9849,0
9850,0
9851,0
9852,0
9854,0
9855,0
9858,0
9862,0
9865,0
9868,0
9870,0
9874,0
9875,0
9877,0
9881,0
9884,0
9885,0
9886,0
9887,0
9891,0
9892,0
9894,0
9895,0
9896,0
9900,0
9902,0
9903,0
9905,0
9906,0
9907,0
9909,0
9913,0
9916,0
9917,0
9918,0
9919,0
9921,0
9922,0
9923,0
9926,0
9927,0
9928,0
9929,0
9930,0
9931,0
9935,0
9939,0
9942,0
9947,0
9948,0
9952,0
9953,0
9957,0
9958,0
9959,0
9962,0
9964,0
9966,0
9967,0
9969,0
9974,1
9975,0
9976,0
9977,0
9978,0
9980,0
9982,0
9984,0
9986,0
9987,0
9988,0
9993,0
9997,0
9998,0
10000,0
10003,0
10005,0
10006,0
10008,0
10009,0
10010,0
10014,0
10015,0
10016,0
10017,0
10021,0
10022,0
10024,0
10027,0
10028,0
10031,0
10032,1
10035,0
10036,0
10038,1
10039,0
10041,0
10045,0
10052,0
10054,0
10057,1
10058,0
10059,0
10060,0
10061,0
10063,1
10067,0
10070,0
10071,0
10072,0
10074,0
10075,0
10076,0
10079,0
10083,0
10086,0
10088,0
10089,0
10091,1
10093,0
10094,0
10096,0
10098,0
10100,0
10103,0
10104,0
10105,0
10106,0
10107,0
10111,1
10112,0
10114,0
10115,0
10117,0
10121,0
10122,0
10130,0
10132,0
10138,0
10142,0
10143,0
10144,0
10149,0
10150,0
10151,0
10152,0
10153,0
10157,0
10158,0
10159,0
10160,0
10161,0
10164,0
10165,0
10167,1
10169,0
10172,0
10175,0
10179,0
10180,0
10185,0
10186,0
10188,0
10194,0
10198,0
10201,0
10204,0
10208,0
10209,0
10210,0
10212,0
10213,0
10215,0
10216,0
10217,0
10218,0
10219,0
10223,0
10224,0
10225,0
10227,0
10228,0
10231,0
10232,0
10235,0
10237,0
10238,0
10241,0
10243,0
10250,0
10252,0
10254,0
10256,0
10261,0
10262,0
10263,0
10267,0
10268,0
10270,0
10273,0
10276,0
10277,0
10283,0
10284,0
10285,1
10290,0
10292,0
10293,0
10294,1
10297,0
10298,0
10299,0
10300,0
10302,0
10305,0
10308,0
10310,0
10311,0
10313,0
10317,1
10320,0
10321,0
10322,0
10323,0
10324,0
10327,0
10328,0
10329,0
10331,0
10333,0
10336,0
10339,0
10340,0
10343,0
10344,0
10345,0
10347,0
10348,0
10350,0
10352,0
10354,0
10357,0
10358,0
10359,0
10360,0
10361,0
10363,0
10364,0
10365,0
10369,0
10371,0
10372,0
10375,0
10376,0
10380,0
10381,0
10387,0
10388,0
10389,0
10390,0
10391,0
10392,0
10393,0
10394,0
10400,0
10401,0
10402,0
10404,0
10406,0
10407,0
10408,0
10410,0
10413,0
10415,0
10417,0
10421,0
10422,0
10423,0
10426,0
10431,0
10434,0
10435,0
10437,0
10438,0
10440,0
10443,1
10446,0
10449,0
10450,0
10453,0
10454,0
10455,1
10456,0
10458,0
10459,0
10460,0
10461,0
10463,0
10464,0
10465,0
10466,0
10468,0
10469,0
10470,0
10471,0
10472,0
10473,0
10475,0
10477,0
10481,0
10482,0
10483,0
10484,0
10487,0
10488,0
10489,0
10491,1
10492,0
10494,0
10499,0
10500,0
10502,0
10509,0
10512,0
10519,0
10521,0
10525,0
10527,0
10529,0
10531,0
10532,0
10533,0
10535,0
10539,0
10542,0
10543,0
10544,0
10546,0
10548,0
10550,0
10551,0
10552,0
10553,0
10554,0
10555,0
10556,0
10557,0
10559,1
10560,0
10563,0
10564,0
10565,0
10566,1
10567,0
10569,0
10570,0
10571,0
10574,0
10575,0
10576,0
10577,0
10578,0
10579,0
10581,1
10583,0
10585,1
10586,1
10587,0
10589,0
10591,0
10592,0
10593,0
10594,0
10595,0
10596,0
10597,0
10598,0
10601,0
10602,0
10603,0
10604,0
10605,0
10606,0
10607,0
10609,0
10610,0
10611,0
10612,0
10614,0
10615,0
10616,0
10618,0
10619,0
10621,0
10623,0
10626,1
10628,0
10631,0
10632,0
10635,0
10636,0
10639,0
10640,0
10641,0
10644,0
10651,0
10655,0
10659,0
10661,0
10666,0
10670,0
10672,0
10675,0
10677,1
10678,0
10681,0
10685,0
10688,0
10694,0
10695,0
10699,0
10702,0
10704,0
10706,0
10708,0
10709,0
10710,0
10712,0
10713,0
10717,0
10721,0
10723,0
10726,0
10728,0
10729,0
10730,0
10731,0
10736,0
10737,0
10738,0
10739,0
10740,0
10743,0
10744,0
10745,0
10746,0
10747,0
10749,0
10751,0
10754,0
10755,0
10759,0
10761,0
10762,0
10765,0
10766,0
10767,0
10770,0
10771,0
10773,0
10781,0
10782,0
10788,0
10790,0
10791,0
10795,0
10798,0
10799,0
10800,0
10802,0
10805,0
10807,0
10809,0
10817,0
10821,0
10822,1
10823,0
10826,0
10829,0
10833,0
10836,0
10838,0
10839,1
10840,0
10845,0
10849,0
10850,0
10851,0
10855,0
10856,0
10859,0
10860,0
10866,0
10867,0
10868,0
10876,0
10877,0
10879,0
10882,0
10885,0
10887,0
10890,0
10891,0
10893,0
10895,0
10896,0
10900,0
10901,0
10902,0
10904,0
10906,0
10910,0
10917,0
10918,0
10919,0
10920,0
10923,0
10926,0
10927,0
10928,0
10930,0
10931,0
10933,0
10934,0
10935,0
10943,0
10945,0
10947,0
10948,0
10952,0
10955,0
10957,0
10960,0
10962,0
10964,1
10965,0
10969,0
10970,0
10972,0
10976,0
10978,0
10980,0
10981,0
10983,0
10986,0
10987,0
10988,0
10989,0
10990,0
10993,0
10995,0
10996,0
10997,0
10998,1
10999,0
11003,0
11004,0
11006,0
11007,1
11008,0
11009,0
11011,0
11012,0
11015,0
11016,0
11017,0
11021,0
11023,0
11024,0
11029,1
11030,0
11032,0
11035,0
11036,0
11037,0
11038,0
11039,0
11041,0
11044,0
11046,0
11048,0
11049,0
11051,0
11057,0
11059,0
11060,0
11062,0
11063,0
11068,0
11069,0
11070,0
11071,0
11072,0
11076,0
11077,0
11078,0
11080,0
11081,0
11082,0
11083,0
11084,0
11087,0
11095,0
11098,0
11100,0
11101,0
11105,0
11106,1
11108,0
11109,0
11112,0
11116,0
11118,0
11121,0
11123,0
11124,0
11126,0
11130,0
11131,0
11132,0
11135,0
11137,0
11140,0
11143,0
11144,0
11147,0
11148,0
11149,0
11150,0
11152,0
11153,0
11155,0
11156,0
11158,0
11162,0
11163,0
11164,0
11166,0
11167,0
11169,0
11170,0
11173,0
11174,0
11175,0
11176,0
11180,0
11181,0
11182,0
11183,0
11189,1
11190,0
11194,0
11196,0
11198,0
11199,0
11200,0
11201,0
11202,0
11203,0
11204,0
11205,0
11206,0
11209,0
11211,0
11214,0
11215,0
11217,0
11223,0
11225,0
11227,0
11228,0
11229,0
11230,0
11231,0
11236,0
11237,0
11239,0
11241,0
11242,0
11245,0
11246,0
11251,0
11254,1
11255,0
11258,0
11260,0
11261,0
11263,0
11266,0
11267,0
11268,0
11270,0
11273,0
11274,0
11276,0
11277,0
11278,0
11280,0
11281,0
11282,0
11283,0
11284,0
11285,0
11287,0
11288,0
11289,0
11290,0
11291,0
11292,0
11294,0
11296,0
11298,0
11300,0
11302,0
11303,0
11305,0
11306,0
11307,0
11308,0
11310,0
11311,0
11313,0
11314,0
11316,0
11317,0
11318,0
11319,0
11320,0
11324,0
11325,0
11326,0
11327,0
11329,0
11330,0
11331,0
11334,0
11335,0
11336,0
11339,0
11341,0
11343,0
11344,0
11346,0
11347,0
11348,0
11350,0
11356,0
11358,0
11359,0
11361,0
11362,0
11363,0
11365,0
11366,0
11368,0
11370,0
11371,0
11375,0
11377,0
11378,0
11379,0
11380,0
11381,0
11382,0
11383,0
11384,0
11386,0
11387,0
11388,0
11392,0
11393,0
11397,0
11398,0
11400,0
11401,0
11402,0
11404,0
11405,0
11406,0
11411,0
11413,0
11414,0
11415,0
11417,0
11418,0
11421,0
11426,0
11428,0
11429,0
11430,0
11432,0
11437,0
11438,0
11439,0
11440,0
11441,0
11443,0
11444,0
11445,0
11446,0
11448,0
11450,0
11451,0
11452,0
11453,0
11457,0
11461,0
11463,0
11464,0
11465,0
11467,0
11470,0
11475,0
11478,0
11480,0
11481,0
11482,0
11483,0
11485,0
11487,0
11488,0
11489,0
11491,0
11500,0
11502,0
11504,0
11505,0
11506,0
11507,0
11509,0
11511,0
11512,0
11513,0
11514,0
11516,0
11517,0
11518,0
11519,0
11520,0
11522,0
11523,0
11524,0
11525,0
11526,0
11527,0
11528,0
11529,0
11531,0
11532,0
11533,0
11535,0
11536,0
11538,0
11540,0
11541,0
11545,0
11546,0
11547,0
11549,0
11554,1
11555,1
11556,1
11557,0
11558,1
11560,1
11563,1
11574,1
11580,1
11584,1
11585,1
11589,1
11590,0
11594,1
11597,1
11598,1
11599,1
11600,1
11603,1
11605,1
11607,1
11609,1
11611,1
11612,1
11614,1
11617,1
11619,1
11620,1
11622,1
11624,1
11625,1
11628,1
11629,1
11630,1
11632,1
11633,1
11634,1
11637,1
11638,0
11642,0
11643,1
11645,0
11649,1
11650,0
11651,1
11653,0
11655,1
11658,1
11661,1
11663,0
11665,0
